<?xml version="1.0" encoding="UTF-8"?>
<!DOCTYPE hibernate-configuration PUBLIC
        "-//Hibernate/Hibernate Configuration DTD 3.0//EN"
        "http://hibernate.org/dtd/hibernate-configuration-3.0.dtd">

<hibernate-configuration>
	<session-factory>
		<!-- Database connection properties - Driver, URL, user, password -->
		<property name="hibernate.connection.driver_class">com.mysql.jdbc.Driver</property>
		<property name="hibernate.connection.url">jdbc:mysql://localhost:3306/shezartc_elearning1</property>
		<property name="hibernate.connection.username">root</property>
		<property name="hibernate.connection.password"></property>

		<!-- org.hibernate.HibernateException: No CurrentSessionContext configured! -->
<!-- 		<property name="hibernate.current_session_context_class">thread</property> -->

		<!-- Mapping with model class containing annotations -->
		<mapping class="com.shezartech.iitjeeacademy.entity.AccuracyEntity" />
		<mapping class="com.shezartech.iitjeeacademy.entity.CouponCodeEntity" />
		<mapping class="com.shezartech.iitjeeacademy.entity.InstituteEntity" />
		<mapping class="com.shezartech.iitjeeacademy.entity.MotivatorEntity" />
		<mapping class="com.shezartech.iitjeeacademy.entity.PasswordChangeRequestEntity" />
		<mapping class="com.shezartech.iitjeeacademy.entity.QuestionansweredEntity" />
		<mapping class="com.shezartech.iitjeeacademy.entity.QuestionEntity" />
		<mapping class="com.shezartech.iitjeeacademy.entity.SamplerankingEntity" />
		<mapping class="com.shezartech.iitjeeacademy.entity.ShareFriendRequestEntity" />
		<mapping class="com.shezartech.iitjeeacademy.entity.StatewiseselectionEntity" />
		<mapping class="com.shezartech.iitjeeacademy.entity.StudentEntity" />
		<mapping class="com.shezartech.iitjeeacademy.entity.SubjectEntity" />
		<mapping class="com.shezartech.iitjeeacademy.entity.SubjectglobalranksEntity" />
		<mapping class="com.shezartech.iitjeeacademy.entity.SubjectlevelsEntity" />
		<mapping class="com.shezartech.iitjeeacademy.entity.SubjectstateranksEntity" />
		<mapping class="com.shezartech.iitjeeacademy.entity.TopicEntity" />
		<mapping class="com.shezartech.iitjeeacademy.entity.TopiclevelsEntity" />
		<mapping class="com.shezartech.iitjeeacademy.entity.TopicWeightageEntity" />
		<mapping class="com.shezartech.iitjeeacademy.entity.TransactionsEntity" />
		<mapping class="com.shezartech.iitjeeacademy.entity.TutorEntity" />
		<mapping class="com.shezartech.iitjeeacademy.entity.TutorToStudentEntity" />
	</session-factory>

</hibernate-configuration>