<?xml version="1.0" encoding="UTF-8"?>
<!DOCTYPE log4j:configuration PUBLIC "-//APACHE//DTD LOG4J 1.2//EN" "log4j.dtd">
<log4j:configuration xmlns:log4j="http://jakarta.apache.org/log4j/">

	<!-- Appenders -->
	<appender name="console" class="org.apache.log4j.ConsoleAppender">
		<param name="Target" value="System.out" />
		<layout class="org.apache.log4j.PatternLayout">
			<param name="ConversionPattern" value="%d{ISO8601} %-5p [%t]: %c - %m%n" />
		</layout>
	</appender>
	
	<appender name="root.file" class="org.apache.log4j.FileAppender">
<!--         <param name="file" value="/log/mylogfile.log" /> -->
<!--         <param name="file" value="/home/iitjeea/public_html/iitjeeacademy/log/mylogfile.log" /> -->
<!--         <param name="file" value="${rootPath}WEB-INF/logs/MyLog.log" /> -->
		<param name="append" value="false" />
		<param name="threshold" value="ALL" />
        <param name="file" value="${catalina.home}/logs/godrej/godrejlmstomcat.log" />
        <layout class="org.apache.log4j.PatternLayout">
            <param name="ConversionPattern" value="%d{ISO8601} %-5p [%t]: %c - %m%n" />
        </layout>
    </appender>
    
<!--     <appender name="default.file" class="org.apache.log4j.FileAppender"> -->
<!--         <param name="file" value="/log/mylogfile.log" /> -->
<!--         <param name="append" value="false" /> -->
<!--         <param name="threshold" value="ALL" /> -->
<!--         <layout class="org.apache.log4j.PatternLayout"> -->
<!--             <param name="ConversionPattern" value="%d{ISO8601} %-5p [%c{1}] - %m%n" /> -->
<!--         </layout> -->
<!--     </appender> -->
    
<!--     <appender name="another.file" class="org.apache.log4j.FileAppender"> -->
<!--         <param name="file" value="/log/anotherlogfile.log" /> -->
<!--         <param name="append" value="false" /> -->
<!--         <param name="threshold" value="ALL" /> -->
<!--         <layout class="org.apache.log4j.PatternLayout"> -->
<!--             <param name="ConversionPattern" value="%d{ISO8601} %-5p [%c{1}] - %m%n" /> -->
<!--         </layout> -->
<!--     </appender> -->
	
	<!-- Application Loggers -->
	<logger name="com.shezartech.godrej.lmsweb">
		<level value="info" />
<!-- 		<appender-ref ref="another.file" /> -->
<!-- 		<appender-ref ref="root.file" /> -->
	</logger>
	
	<!-- 3rdparty Loggers -->
	
<!-- 	<logger name="com.github.isrsal.logging.LoggingFilter"> -->
<!-- 		<level value="DEBUG"/> -->
<!-- 	</logger> -->
	
	<logger name="org.springframework.core">
		<level value="info" />
	</logger>
	
	<logger name="org.hibernate">
<!-- 		<level value="ALL" /> -->
		<level value="info" />
	</logger>
	
	<logger name="org.springframework.beans">
		<level value="info" />
	</logger>
	
	<logger name="org.springframework.context">
		<level value="info" />
	</logger>

	<logger name="org.springframework.web">
		<level value="info" />
<!-- 		<level value="DEBUG" /> -->
	</logger>

	<!-- Root Logger -->
	<root>
		<priority value="info" />
		<appender-ref ref="console" />
<!-- 		<appender-ref ref="default.file" /> -->
		<appender-ref ref="root.file" />
	</root>
	
</log4j:configuration>
